rank,name,composite_score,credibility_score,experience_score,local_activity_score,website,phone_number,num_reviews,avg_review_rating,reviews_last_6_months,google_num_reviews,google_avg_review_rating,bbb_rating,bbb_accreditation,year_first_active,total_months_active,coverage_type,cities,response_rate,months_since_last_review,num_1_star_reviews
1,Clever Offers,78.53312252435,100.0,60.170623626,69.893617021,https://listwithclever.com,(833) 225-3837,4294.0,4.916627853,240.0,491.0,4.763747454,A+,True,2018.0,94.0,Nationwide,,0.8262692129,0.0,57.0
2,TX Cash Home Buyers,76.99839346605859,91.58233597423884,58.2619990045,79.89503769915217,https://www.txcashhomebuyers.com/,(281) 595-7550,47.0,4.723404255,6.0,43.0,4.790697674,A+,True,2019.0,77.0,Statewide,"Abilene, Acres Homes, Alvin, Amarillo, Angleton, Austin, Bacliff, Baytown, Beaumont, Bellaire, Brenham, Bridge City, Brownsville, Channelview, Clear Lake, College Station, Conroe, Corpus Christi, Cypress, Dallas, Deer Park, Dickinson, El Paso, Fort Worth, Fredericksburg, Freeport, Fresno, Friendswood, Frisco, Galena Park, Galveston, Garland, Georgetown, Granbury, Groves, Hillsboro, Houston, Humble, Huntsville, Jersey Village, Katy, Kemah, Killeen, La Marque, La Porte, Lake Jackson, League City, Longview, Lubbock, Lufkin, Magnolia, Midland, Missouri City, Mont Belvieu, Montgomery, Nederland, New Braunfels, Odessa, Orange, Pasadena, Pearland, Port Arthur, Port Neches, Porter, Richmond, Rosenberg, Round Rock, San Angelo, San Antonio, San Marcos, Santa Fe, Spring, Sugar land, Temple, Texas City, The Woodlands, Tomball, Tyler, Waco, Webster, Wimberley",0.8510638298,1.0,3.0
3,Greenlight Offer,74.63421095658062,95.17361700282655,52.579998427,72.647058824,https://www.greenlightoffer.com/,(713) 588-5824,161.0,4.50931677,29.0,158.0,4.525316456,A+,True,2020.0,68.0,Statewide,,0.7391304348,0.0,17.0
4,Big State Home Buyers,74.5996176134,90.0,49.955741999,84.460431655,https://www.bigstatehomebuyers.com/,(713) 322-8803,224.0,4.709821429,18.0,203.0,4.738916256,A+,True,2014.0,139.0,,"Houston, Dallas, San Antonio",0.3258928571,2.0,14.0
5,Ninebird Properties,71.90593693016706,85.71476819524933,62.560975603,62.894752764069324,https://www.ninebp.com/,(972) 996-1839,41.0,4.902439024,3.0,41.0,4.902439024,A+,True,2021.0,55.0,Local,"Addison, Allen, Anna, Argyle, Arlington, Aubrey, Balch Springs, Bedford, Blue Ridge, Carrollton, Cedar Hill, Celina, Cockrell Hill, Colleyville, Coppell, Crandall, Dallas, Denton, Desoto, Double Oak, Duncanville, Euless, Fairview, Farmers Branch, Farmersville, Flower Mound, Forney, Fort Worth, Frisco, Garland, Glenn Heights, Grand Prairie, Grapevine, Greenville, Haltom City, Howe, Hurst, Hutchins, Irving, Justin, Kaufman, Keller, Krum, Lake Dallas, Lancaster, Lantana, Lewisville, Little Elm, Lucas, McKinney, Melissa, Mesquite, North Richland Hills, Northlake, Oak Point, Pilot Point, Plano, Princeton, Prosper, Providence Village, Red Oak, Richardson, Richland Hills, Roanoke, Rockwall, Rowlett, Royse City, Sachse, Sanger, Seagoville, Southlake, Sunnyvale, Terrell, The Colony., Trophy Club, Van Alstyne, Wilmer, Wylie",0.9512195122,5.0,1.0
6,Texas Best,70.46113093991502,77.23047965261593,60.964452211,72.9255232200746,https://www.texasbesthomebuyers.com/?utm_source=gmb&utm_medium=organic,(817) 808-4911,44.0,4.909090909,4.0,39.0,4.897435897,A+,True,2021.0,60.0,,"North Richland Hills, Watauga, Hurst, Haltom City, Bedford, Keller, Richland Hills, Euless, Arlington, Saginaw",0.8409090909,1.0,1.0
7,Metroplex Homebuyers,69.96407944440848,88.6516659130352,55.2356589175,60.68372983227762,https://metroplexhomebuyers.com/,(972) 487-7653,150.0,4.826666667,2.0,129.0,4.860465116,A+,False,2014.0,140.0,Local,"Addison, Allen, Anna, Aubrey, Azle, Arlington, Balch Springs, Bedford, Benbrook, Burleson, Carrollton, Cedar Hill, Celina, Cleburne, Colleyville, Coppell, Corinth, Crowley, Dallas, Denton, DeSoto, Duncanville, Ennis, Euless, Farmers Branch, Flower Mound, Forest Hill, Forney, Fort Worth, Frisco, Garland, Glenn Heights, Grapevine, Greenville, Grand Prairie, Irving, Haltom City, Highland Village, Hurst, Justin, Keller, Lancaster, Little Elm, Lewisville, Mansfield, Midlothian, Mineral Wells, Murphy, Mckinney, Mesquite, North Richland Hills, Plano, Prosper, Red Oak, Rockwall, Rowlett, Royse City, Richardson, Sachse, Saginaw, Seagoville, Sherman, Southlake, Terrell, The Colony, Trophy Club, Watauga, Waxahachie, Weatherford, White Settlement, Wylie",0.54,4.0,5.0
8,TX Home Buying Pros,69.60833593076458,76.72937003909664,60.3125,71.22885166050372,http://www.txhomebuyingpros.com/,(214) 296-2343,48.0,5.0,6.0,47.0,5.0,A,True,2024.0,23.0,Local,"Allen, Arlington, Balch Springs, Carrollton, Cedar Hill, Colleyville, Coppell, Dallas, Denton, Desoto, Duncanville, Euless, Farmers Branch, Flower Mound, Fort Worth, Frisco, Garland, Grand Prairie, Grapevine, Haltom City, Hurst, Irving, Keller, Lancaster, Lewisville, Mansfield, McKinney, Mesquite, North Richland Hills, Plano, Richardson, Rowlett, Sachse, Southlake, The Colony, Wylie",0.6875,0.0,0.0
9,Starfish Group Properties,69.35854688632034,72.36904785749283,64.1428571435,71.84371097239284,https://www.starfishgroupproperties.com/,(817) 859-6677,35.0,5.0,8.0,23.0,5.0,A+,True,2022.0,44.0,Local,"Arlington, Bedford, Dallas, Euless, Fort Worth, Haltom City, Hurst, Keller, North Richland Hills, Richland Hills, Saginaw, Watauga, Wedgwood",0.9428571429,0.0,0.0
10,Orchard,68.36010793038334,88.33333333333334,40.790784563,75.0,https://Orchard.com,(844) 515-9880,803.0,4.353673724,73.0,,,A+,True,2019.0,77.0,,"Austin, Dallas, Ft. Worth, Houston, San Antonio",0.4246575342,0.0,101.0
11,Dioro Home Buyers,67.11343383744453,67.39989781664964,60.9090909095,75.34117156983869,https://www.diorohomebuyers.com/,(469) 777-4875,22.0,5.0,4.0,22.0,5.0,A+,True,2023.0,32.0,,"Dallas, Fort Worth, Houston, Plano, San Antonio",0.7272727273,1.0,0.0
12,Trusted Home Offer,65.62517850436637,71.75509427285755,61.29563961099999,61.878667725493386,https://www.thoffers.com/,(208) 919-9579,94.0,4.914893617,4.0,81.0,4.950617284,A,False,2023.0,31.0,Statewide,,0.8404255319,0.0,2.0
13,Duke Real Estate & Asset Management LLC,65.49154164742535,76.08141108073681,44.9378109455,77.3229735368225,https://welovedallashomes.com/?utm_campaign=GoogleMyBusiness,(469) 638-8276,67.0,4.567164179,5.0,63.0,4.666666667,A+,True,2022.0,47.0,,Dallas,0.1343283582,2.0,7.0
14,Home Buying Guys,65.29118626543193,75.83059848718854,62.243589739499996,52.69476184692608,http://www.homebuyingguys.com/,(866) 847-3565,82.0,4.902439024,2.0,78.0,4.948717949,A+,False,2018.0,90.0,,"Abilene, Addison, Allen, Alvarado, Amarillo, Anna, Arlington, Argyle, Austin, Azle, Bedford, Blue Mound, Burleson, Carrollton, Cedar Park, Celina, Cleburne, Colleyville, Coppell, Corinth, Corsicana, Crowley, Dallas, Denton, DeSoto, Duncanville, Ennis, Euless, Everman, Fairview, Farmers Branch, Farmersville, Fate, Flower Mound, Forney, Fort Worth, Frisco, Garland, Glenn Heights, Grand Prairie, Grapevine, Greenville, Haltom City, Haslet, Highland Village, Hurst, Irving, Justin, Keller, Kennedale, Lake Dallas, Lancaster, Lewisville, Little Elm, Mansfield, McKinney, Melissa, Mesquite, Midlothian, Murphy, Nevada, North Richland Hills, Oak Point, Plano, Ponder, Port Arthur, Princeton, Red Oak, Rendon, Richardson, Roanoke, Rockwall, Rowlett, Royse City, Sachse, Seagoville, Southlake, Sunnyvale, Terrell, The Colony, Waxahachie, White Settlement, Wylie",0.9146341463,5.0,2.0
15,Housed Real Estate + Relocation,65.1951930085267,63.90935788444175,62.734375,70.69767441900001,https://www.housedrealestate.com/,(214) 888-6864,128.0,4.9375,24.0,128.0,4.9375,,,2018.0,86.0,,Dallas,0.921875,0.0,2.0
16,Mr.Buyer LLC,65.11855529286144,89.96336105922889,60.8,31.412843476679566,https://www.mrbuyer.com/,(844) 573-5548,50.0,5.0,0.0,42.0,5.0,A+,True,2020.0,69.0,Nationwide,Miami,0.72,7.0,0.0
17,JZ Home Buyers,65.00252249023153,65.60897457142858,60.5163043475,70.31290456014038,http://www.jzhomebuyers.com/,(817) 382-3579,184.0,5.0,10.0,184.0,5.0,,,2017.0,97.0,,"Fort Worth, Dallas, Arlington, Bedford, Duncanville, Euless, Irving, North Richland Hills, Watauga, Weatherford",0.7010869565,0.0,0.0
18,Cash House Buyers DFW,64.92951163202271,72.30323917424427,51.6901408445,71.666666667,https://www.cashhousebuyersdfw.com/,(214) 272-2177,71.0,5.0,16.0,70.0,5.0,A+,True,2023.0,30.0,,"Addison, Allen, Argyle, Arlington, Azle, Bedford, Burleson, Carrollton, Cedar Hill, Colleyville, Coppell, Crowley, Dallas, Denton, Desoto, Duncanville, Euless, Farmers Branch, Flower Mound, Fort Worth, Frisco, Garland, Grand Prairie, Grapevine, Greenville, Haltom City, Hurst, Irving, Keller, Lancaster, Lewisville, Little Elm, Mansfield, Mckinney, Mesquite, North Richland Hills, Plano, Prosper, Richardson, Rockwall, Rowlett, Royse City, Sachse, Seagoville, Southlake, The Colony, Weatherford, Wylie",0.1126760563,0.0,0.0
19,A-List Properties,64.76522394399423,78.26500702515678,56.967213124,54.08278616212608,https://www.texassellmyhouse.com/,(972) 526-7042,61.0,4.93442623,1.0,61.0,4.93442623,A+,True,2021.0,58.0,,Dallas,0.5409836066,5.0,1.0
20,We Buy Texas Mobile Homes,62.55121989063237,57.20337878836585,58.0769230775,77.3717811926441,https://www.webuytxmobilehomes.com/,(832) 413-4038,26.0,5.0,6.0,26.0,5.0,A+,False,2023.0,28.0,Statewide,"Amarillo, Arlington, Austin, Bedford, Brownsville, Burleson, Cedar Park, Corpus Christi, Dallas, Denton, El Paso, Fort Worth, Frisco, Fulshear, Garland, Grand Prairie, Grapevine, Houston, Hurst, Irving, Killeen, Kyle, Laredo, Lubbock, McKinney, Mesquite City, Plano, San Antonio, Texarkana, Texas City, Victoria, Waxahachie",0.5384615385,3.0,0.0
21,Bright Bid Homes,62.40623095323597,56.57179734407686,65.0,68.11004806242087,https://www.brightbidhomes.com/,(214) 833-6269,34.0,5.0,3.0,34.0,5.0,A,False,2023.0,29.0,,"Austin, Round Rock, College Station, Houston, El Paso, Deer Park, League City, Sugar Land, San Marcos, Corpus Christi, Texas City, New Braunfels, San Antonio, Port Arthur, San Angelo, Cedar Hill, Desoto, Grapevine, Flower Mound, Carrollton, The Colony, Flower Mound, Little Elm, Wichita Falls, North Richland Hills, Keller, Roanoke",1.0,3.0,0.0
22,Don Lawyer Team,62.32502871680923,64.42790668147191,49.61538461410001,76.75392571714185,https://www.donlawyer.com/,(817) 213-6510,143.0,4.93006993,4.0,143.0,4.93006993,,,2014.0,135.0,,Arlington,0.05594405594,1.0,1.0
23,Simply Sold RE,61.95267814831342,62.55760155692729,48.88059701155001,79.285714286,https://simplysoldre.com/,(914) 610-7499,67.0,4.910447761,14.0,67.0,4.910447761,,,2021.0,49.0,Nationwide,"Bridgeport, New Haven, Stamford, Hartford, Greenwich, Waterbury, Norwalk, Danbury, Manchester, Bristol, Hamden, New Britain, West Hartford, Norwich, New London, East Hartford",0.02985074627,2.0,1.0
24,Southern Hills Home Buyers,61.331746032925,61.0,53.7619047655,72.46031746,https://www.southernhillshomebuyers.com/,(214) 225-3042,315.0,4.923809524,38.0,315.0,4.923809524,,,2020.0,63.0,,Plano,0.3396825397,0.0,5.0
25,The Street Real Estate Company,60.854400592357116,71.54329480258029,61.013513514500005,43.529411765,https://www.thestreetrealestate.com/,(469) 855-0469,74.0,4.945945946,0.0,74.0,4.945945946,A+,False,2020.0,68.0,,Arlington,0.7972972973,6.0,1.0
26,Cash House Buyers USA,60.57525053697019,56.70815070952962,60.370370372,67.04944249183336,https://cashhousebuyersusa.com/,(817) 339-6134,27.0,4.925925926,3.0,27.0,4.925925926,,,2019.0,84.0,,Irving,0.7777777778,1.0,0.0
27,Opendoor,60.191783218307165,90.0,18.686480190877624,70.606060606,https://www.opendoor.com/,(888) 352-7075,1716.0,3.715617716,197.0,75.0,1.4,A+,True,2015.0,132.0,,"Austin, Corpus Christi, Dallas, Fort Worth, Houston, Killeen, San Antonio",0.6579254079,0.0,512.0
28,Fort Worth Home Buyers,60.06038387268183,56.87357265122274,56.2533068845,70.48918961047096,https://www.ftworthhomebuyers.net/,(817) 852-6300,28.0,4.535714286,5.0,27.0,4.518518519,,,2017.0,105.0,,Fort Worth,0.9642857143,3.0,3.0
29,Dallas Home Buyers,59.158009610969785,57.187958565548186,53.1111111175,70.77574917450205,https://www.dallashomebuyers.net/,(214) 615-1255,30.0,4.466666667,5.0,27.0,4.555555556,,,2016.0,120.0,,Dallas,0.8,3.0,4.0
30,Sell Quick Home Buyers,58.81805772107905,55.53933921726013,52.755905520499994,72.551020408,https://www.sellquickhomebuyers.com/,(832) 500-5813,127.0,4.921259843,10.0,127.0,4.921259843,,,2021.0,49.0,,"Houston, Dallas, San Antonio",0.2755905512,0.0,2.0
31,Denko Home Buyers,58.480623042894635,53.8386208479636,65.0,56.780698814836796,https://www.denkohomebuyers.com/,(940) 432-3709,23.0,5.0,2.0,23.0,5.0,,,2019.0,75.0,,"Dallas, Fort Worth",1.0,4.0,0.0
32,Model Realty Cash Offer,58.3161227637851,69.57130273926484,52.1428571435,48.95040667141667,https://www.modelrealtycashoffer.com/,(817) 533-7767,21.0,5.0,1.0,3.0,5.0,A+,False,2017.0,99.0,Local,Fort Worth,0.1428571429,2.0,0.0
33,HomeGo,57.35762422455489,83.83272192530032,50.085526316999996,25.17840497393906,,(405) 896-4930,112.0,4.517857143,0.0,95.0,4.642105263,A+,False,2019.0,80.0,Local,"Dallas, Fort Worth, Arlington, Irving, Grand Prairie, Garland, Mesquite, Plano, Frisco, McKinney, Denton, Lewisville, Grapevine, Hurst, Euless, Bedford, Weatherford, Cleburne, Granbury, Austin, Round Rock, Georgetown, Killeen, Temple, Waco, Houston, The Woodlands, Sugar Land, Katy, Cypress, Spring, Humble, Kingwood, Pasadena, Deer Park, Baytown, Pearland, Friendswood, League City, Galveston, Missouri City, San Antonio, New Braunfels, El Paso",0.5267857143,17.0,12.0
34,Equity Cash Offer,56.54301874496586,63.182095763039655,41.358024699999994,67.179487179,https://equitycashoffer.com/,(469) 946-9553,81.0,4.50617284,25.0,81.0,4.50617284,B-,False,2019.0,78.0,,"Houston, El Paso, San Antonio, Plano, Addison",0.0,0.0,10.0
35,Boom Home Offer,56.27349024091626,63.28175418565499,49.79166667245001,54.134820925187014,https://www.boomhomeoffer.com/,(855) 970-0344,12.0,4.916666667,2.0,12.0,4.916666667,A+,False,2020.0,68.0,Local,"Dallas, Fort Myers, Houston, San Antonio",0.08333333333,3.0,0.0
36,South Texas Home Investors,55.65575992394985,55.14101107608129,55.3492647,56.908451394069324,https://www.southtexashomeinvestors.com/,(210) 729-9030,34.0,4.852941176,3.0,16.0,4.9375,,,2019.0,73.0,,"Aransas Pass, Corpus Christi, Dallas, Fort Worth, Houston, New Braunfels, Rockport, San Antonio, Schertz",0.5,4.0,1.0
37,Myers Home Buyers,55.48913209827659,69.20690598455607,50.738636361,40.19138791241667,https://www.myershomebuyers.com/,(844) 718-5832,28.0,4.464285714,1.0,22.0,4.772727273,A+,False,2019.0,77.0,,"Houston, Dallas, Ft. Worth",0.5714285714,4.0,3.0
38,Inspired Buyers,55.27199702970869,46.22639725602171,53.692307693000004,71.95652173900001,https://www.inspiredbuyers.com/,(210) 899-0717,65.0,5.0,25.0,64.0,5.0,,,2024.0,23.0,Statewide,"Alamo Heights, Balcones Heights, Boerne, Canyon Lake, Castle Hills, Converse, Corpus Christi, Dallas, El Paso, Fort Worth, Garden Ridge, Helotes, Houston, Kirby, Leon Valley, Live Oak, Mahncke Park, Marion, New Braunfels, San Antonio, San Antonio, Schertz, Seguin, Selma, Universal City, Windcrest",0.2461538462,0.0,0.0
39,Sell My House Fast Dallas,55.1858332384469,33.500665223989934,65.0,76.14226859540369,https://www.salemyhousefastdallas.com/,(469) 903-3535,8.0,5.0,5.0,8.0,5.0,,,2024.0,9.0,Local,"Dallas, Austin, Houston, San Antonio",1.0,2.0,0.0
40,Home Buyers For Cash,55.09357302051405,47.45615477378512,50.0,74.444444444,https://homebuyersforcash.net/,(281) 918-8908,69.0,5.0,31.0,69.0,5.0,,,2023.0,27.0,Local,"Arlington, Austin, Corpus Christi, Dallas, El Paso, Fort Worth, Houston",0.0,0.0,0.0
41,House Buyers Houston,54.9041697524412,49.855121351102994,50.0,69.848484848,https://housebuyershouston.net/,(281) 628-2298,85.0,5.0,38.0,85.0,5.0,,,2023.0,33.0,,"Baytown, Crosby, Cypress, Deer Park, Galena Park, Highlands, Hockley, Huffman, Hufsmith, Humble, Katy, Kingwood, La Porte, Pasadena, Seabrook, South Houston, Spring, Tomball, Waller, Webster, Abilene, Amarillo, Angleton, Arlington, Austin, Beaumont, Bellville, Boling, Brazoria, Brookshire, Brownsville, Carrollton, Clear Lake City, College Station, Conroe, Corpus Christi, Crosby, Dallas, Damon, Danbury, Dayton, Denton, East Bernard, El Paso, Fort Worth, Friendswood, Frisco, Fulshear, Galveston, Garland, Grand Prairie, Haltom City, Hempstead, Highlands, Irving, Kendleton, Killeen, La Marque, Lake Jackson, Laredo, League City, Lewisville, Liberty, Lubbock, Magnolia",0.0,0.0,0.0
42,investorade,54.385749552542805,52.966278114401405,36.60714285598052,81.54695322875624,https://www.investorade.com/,(972) 734-3251,77.0,3.948051948,14.0,77.0,3.948051948,,,2022.0,48.0,,Dallas,0.8831168831,2.0,20.0
43,Cash Home Buyer San Antonio,54.34100836966814,46.47752092417034,50.0,73.0,https://cashhomebuyersanantonio.com/,(210) 934-6150,80.0,5.0,44.0,80.0,5.0,,,2024.0,20.0,,"San Antonio, Abilene, Amarillo, Arlington, Austin, Beaumont, Brownsville, Carrollton, College Station, Corpus Christi, Dallas, Denton, El Paso, Fort Worth, Frisco, Garland, Grand Prairie, Haltom City, Houston, Irving, Killeen, Laredo, League City, Lewisville, Lubbock, McAllen, McKinney, Mesquite, Midland, Missouri City, Pasadena, Plano, San Angelo, Sugar Land, Texas City, Waco",0.0,0.0,0.0
44,JCA Freedom Homes,54.202751033346246,51.459628857251985,64.3749999995,44.35059796248181,https://www.freedomhomestexas.com/?utm_campaign=gmb,(972) 737-7571,24.0,5.0,3.0,24.0,5.0,Not Rated,False,2019.0,81.0,,Irving,0.9583333333,0.0,0.0
45,Newbyginnings,54.026662399798084,72.2701820357452,63.07814992,12.164948454000001,https://www.newbyginnings.com/,(469) 336-6862,38.0,4.894736842,0.0,33.0,4.878787879,A+,False,2018.0,97.0,,Dallas,1.0,28.0,1.0
46,Selling Unlocked,53.97032499184163,68.87581497373597,56.0,27.27999600938896,https://sellingunlocked.com/,(817) 374-4641,20.0,5.0,0.0,20.0,5.0,A+,False,2019.0,82.0,,"Fort Worth, Dallas",0.4,8.0,0.0
47,Dolfin RGV,53.7974760614615,69.80257395025434,62.857142856500005,15.50578592633906,https://www.dolfinrgv.com/,(956) 904-5234,7.0,5.0,0.0,7.0,5.0,A+,True,2020.0,63.0,,McAllen,0.8571428571,17.0,0.0
48,Strike Zone Investments LLC,53.554229916210645,73.07009860033912,60.9999999995,11.904761905,https://www.texasdadbuyshouses.com/,(409) 223-7434,15.0,5.0,0.0,15.0,5.0,A+,True,2020.0,63.0,,"Austin, Beaumont, Bridge City, Corpus Christi, Crystal Beach, Dallas, Fort Worth, Galveston, Houston, Lumberton, Nederland, Orange, Port Neches, San Antonio, Silsbee, Southeast",0.7333333333,18.0,0.0
49,Alpha Cash Buyers,53.491288041492496,59.50528751463026,51.956521739,46.01756170796155,http://www.alphacashbuyers.com/,(817) 835-9816,23.0,5.0,3.0,21.0,5.0,A+,False,2022.0,40.0,,Euless,0.1304347826,0.0,0.0
50,Triple Offer Property Buyers,53.31955747093155,66.92731416151963,41.09375,48.6632772252948,http://tripleofferpropertybuyers.com/,(470) 868-4908,16.0,4.4375,1.0,16.0,4.4375,A+,True,2023.0,36.0,Statewide,,0.0625,5.0,2.0
51,Sunbelt Cash Offer,52.72153491703921,47.00628511216995,53.676470589,60.52902466408492,https://www.sunbeltcashoffer.com/,(956) 884-4441,17.0,4.705882353,6.0,17.0,4.705882353,,,2021.0,52.0,Local,"Brownsville, Corpus Christi, Dallas, Edinburg, Harlingen, Mcallen, Mission, Pharr, San Antonio, San Benito, Weslaco",0.5882352941,0.0,1.0
52,RjRebel Real Estate Investments,52.63139463591349,64.96790966672123,65.0,15.5769230769,https://rjrebelrealestateinvestments.com/,(888) 519-5211,4.0,5.0,0.0,4.0,5.0,A+,False,2021.0,52.0,Local,"Austin, Dallas, Houston",1.0,42.0,0.0
53,House Buyers Texas,52.1192631855884,44.72519311709599,47.021276595,71.08695652200001,https://housebuyerstexas.net/we-buy-houses-arlington-sell-my-house-fast/,(817) 646-4190,47.0,4.829787234,26.0,47.0,4.829787234,,,2024.0,23.0,,Arlington,0.0,0.0,2.0
54,Homestead Cash Buyers,51.47244734437277,41.35880264526358,59.6,56.275705145069324,https://homesteadcash.com/,(877) 469-2540,25.0,5.0,3.0,25.0,5.0,,,2024.0,21.0,,Dallas,0.64,5.0,0.0
55,Sell My House Fast Houston,50.71991341768681,42.52196345703367,43.82352942,73.49157095149339,https://sellmyhousefasthouston.net/,(281) 612-5098,34.0,4.647058824,4.0,34.0,4.647058824,,,2023.0,20.0,,"Abilene, Amarillo, Arlington, Austin, Baytown, Beaumont, Bellaire, Brownsville, Carrollton, College Station, Conroe, Corpus Christi, Cypress, Dallas, Deer Park, Denton, El Paso, Fort Worth, Friendswood, Frisco, Garland, Grand Prairie, Haltom City, Humble, Irving, Katy, Killeen, Kingwood, La Porte, Laredo, League City, Lewisville, Lubbock, McAllen, McKinney, Midland, Missouri City, Pasadena, Pearland, Plano, Rosenberg, San Angelo, San Antonio, Spring, Stafford, Sugar Land, Texas City, The Woodlands, Waco, Wolfforth",0.0,2.0,3.0
56,Executive Cash Home Buyers,50.66649043172579,40.459628857251985,48.1249999995,70.555555556,https://executivebuyshomes.com/,(317) 358-5396,24.0,4.5,14.0,24.0,4.5,,,2024.0,18.0,Statewide,,0.4583333333,0.0,3.0
57,Big Buck Home Buyers,50.37478444959595,62.16540939961487,65.0,11.034482759,https://www.bigbuckhomebuyers.com/,(210) 920-5280,16.0,5.0,0.0,16.0,5.0,A+,False,2021.0,58.0,,"Adkins, Alamo Heights, Alamo Ranch, Atascosa, Austin, Balcones Heights, Bandera, Beeville, Blanco, Boerne, Bulverde, Canyon Lake, Castle Hills, Castroville, China Grove, Cibolo, Comfort, Converse, Corpus Christi, Cuero, Dallas Fort Worth, Devine, Elmendorf, Fair Oaks Ranch, Floresville, Garden Ridge, Geronimo, Gonzales, Grey Forest, Gruene, Hallettsville, Helotes, Hill Country Village, Hollywood Park, Hondo, Houston, Ingram, Jourdanton, Karnes City, Kenedy, Kerrville, Kingsbury, Kirby, La Vernia, LaCoste, Lake Dunlap, Lake McQueeney, Lakehills, Leon Springs, Leon Valley, Live Oak, Lockhart, Lytle, Marion, Medina, Midland, Natalia, New Braunfels, Nixon, Odessa, Olmos Park, Pearsall, Pleasanton, Poteet, Poth, Rockport, Runge, San Antonio, San Marcos, Schertz, Seguin, Selma, Shavano Park, Somerset, Spring Branch, St. Hedwig, Staples, Stockdale, Stone Oak, Terrell Hills, Texas, Timberwood Park, Universal City, Von Ormy, Waco, Wimberley, Windcrest, Woodcreek, Yoakum, Zuehl",1.0,32.0,0.0
58,Relief Home Solutions,50.36639661850735,40.97486050510103,57.0000000005,56.1058096651678,https://www.reliefhomebuyer.com/,(214) 983-1833,15.0,5.0,5.0,15.0,5.0,,,2023.0,29.0,,"McKinney, Dallas, Fort Worth",0.4666666667,0.0,0.0
59,Big Texas Home Buyers,50.32267431907829,69.98147799082074,55.869565224999995,11.102941176,https://bigtexashomebuyers.com/,(214) 444-9385,23.0,4.47826087,0.0,23.0,4.47826087,A+,False,2014.0,136.0,,"Dallas, Fort Worth",1.0,18.0,3.0
60,"Dallas Property Investors, LLC",50.0196426898254,53.9778502643112,43.45,52.8840103364037,https://www.dallaspropertyinvestors.com/,(214) 609-1240,25.0,4.36,5.0,25.0,4.36,,,2019.0,74.0,,"Arlington, Addison, Carrollton, Dallas, Duncanville, Farmers Branch, Fort Worth, Garland, Grand Prairie, Irving, Mesquite, Plano, Richardson",0.36,0.0,4.0
61,NTX Home Buyers,49.73921463082069,50.75576975714867,44.16666667250001,55.914293570344874,https://www.ntxhomebuyers.com/,(817) 587-8264,27.0,4.666666667,2.0,27.0,4.666666667,,,2021.0,59.0,,"Fort Worth, Dallas",0.0,5.0,2.0
62,iamcashbuyer.com,49.405380922720454,55.83976807602672,62.4999999995,20.77789476993906,http://www.iamcashbuyer.com/,(214) 769-5091,6.0,5.0,0.0,6.0,5.0,A+,False,2021.0,49.0,,"Dallas, Arlington, Plano, Fort Worth",0.8333333333,9.0,0.0
63,JDub Buys Houses,47.78007740623349,44.149142255027094,64.117647059,30.716976134290604,https://www.jdubbuyshouses.com/,(806) 855-8006,17.0,5.0,0.0,17.0,5.0,,,2022.0,40.0,,"Abilene, Amarillo, Arlington, Austin, Bedford, Big Spring, Borger, Bryan, Canyon Lake, Carrollton, Cleburne, College Station, Corpus Christi, Corsicana, Dallas, Decatur, Denton, Duncanville, Euless, Flower Mound, Forney, Fort Worth, Frisco, Gainesville, Garland, Granbury, Grand Prairie, Grapevine, Greenville, Houston, Huntsville, Hurst, Irving, Keller, Killeen, Lancaster, League City, Lewisville, Longview, Lubbock, Mansfield, McKinney, Mesquite, Midland, New Braunfels, North Richland Hills, Odessa, Paris, Pasadena, Plano, Richardson, Rockwall, Rowlett, San Angelo, San Antonio, Sugar Land, Temple, Terrell, Texarkana, The Woodlands, Tyler, Waco, Waxahachie, Weatherford, Wichita Falls, Wylie",0.9411764706,6.0,0.0
64,Action Home Buyers,47.73809959269643,45.54636178056725,62.03125,31.23446952187812,https://www.actionhomebuyer.com/,(210) 999-9996,16.0,4.9375,0.0,16.0,4.9375,,,2022.0,47.0,,"Austin, Dallas, San Antonio, Houston, Corpus Christi, El Paso",0.875,6.0,0.0
65,East Texas Property Buyers,47.50250317175203,45.39901618441816,65.0,26.37158679193906,https://www.easttexaspropertybuyers.com/,(903) 402-1279,10.0,5.0,0.0,10.0,5.0,,,2021.0,55.0,Local,"Dallas, Terrell, Rockwall, Kaufman, Athens, Mineola, Lindale, Tyler, Longview, Flint, Fort Worth, Bullard, Texarkana, New Boston, Gilmer, Gladewater, Hawkins, Pittsburg, Mt. Pleasant, White Oak, Whitehouse, Palestine, Troup, Arp, Ore City, Overton, Jacksonville, Jefferson, Marshall, Kilgore, Henderson, Daingerfield, Ben Wheeler, Grand Saline, Rowlett, Garland, Plano, McKinney, Frisco, Greenville, Nevada, Fate, Chandler, Canton, Brownsboro, Van, Wills Point, Sulphur Springs, Crandall, Mabank, Heath, Royse City, Hallsville, Emory",1.0,11.0,0.0
66,This Veteran Buys Houses,47.49194466099006,65.14681370728763,53.2142857145,11.232876712,https://tvetbh.com/,(817) 383-1652,14.0,5.0,0.0,14.0,5.0,A+,False,2020.0,73.0,,Fort Worth,0.2142857143,22.0,0.0
67,Super Cash For Houses,47.352772307919025,74.17310140936006,39.583333327999995,15.3174603175,https://supercashforhouses.com/,(214) 908-1164,6.0,4.333333333,0.0,6.0,4.333333333,A+,True,2015.0,126.0,Local,"Dallas, Fort Worth, Arlington, Plano, Garland, Grapevine, McKinney, Denton, Frisco",0.1666666667,63.0,1.0
68,NOW Property Investments,47.19248662521741,50.26057479081531,51.9999999995,35.55302683626513,https://www.nowpropertyinvest.com/,(214) 744-3491,15.0,5.0,1.0,15.0,5.0,,,2020.0,68.0,,"Arlington, Bedford, Cedar Hill, Dallas, Desoto, Fort Worth Garland, Grand Prairie, Irving, Mesquite, Red Oak, Tyler",0.1333333333,5.0,0.0
69,LUSH Property Solutions,46.16828635460926,40.30826654247201,43.125,59.804918950481806,https://www.keysforcashtoday.com/,(469) 601-2122,16.0,4.5,3.0,16.0,4.5,,,2024.0,25.0,,Dallas,0.125,3.0,2.0
70,Progressive Real Estate Solutions,46.143141662354736,53.45881569507434,62.4999999995,11.538461538,https://sell-my-home.webuydfwrealestate.com/,(469) 269-5779,6.0,5.0,0.0,6.0,5.0,A+,False,2022.0,39.0,,Dallas,0.8333333333,23.0,0.0
71,House Buying Girls,46.0847711251604,43.501659788120726,56.0,36.33642883964846,https://www.housebuyinggirls.com/,(214) 393-8026,25.0,5.0,0.0,25.0,5.0,,,2023.0,30.0,,"Dallas, Fort Worth, Arlington, Plano, Irving, Frisco, Allen, Rockwall, Mckinney, Mesquite, Pasadena, DFW Metro, Garland, Grand Prairie",0.4,7.0,0.0
72,We Buy Cash Houses - Sell Your House Fast,45.85378294422587,31.601672837931485,50.0,62.85245523621311,https://webuycashhouses.net/,(972) 645-2260,6.0,5.0,6.0,6.0,5.0,,,2024.0,6.0,,Duncanville,0.0,4.0,0.0
73,Sell My House Fast Now,45.12051114419655,43.441474026461094,53.461538462,36.12953228764846,https://www.sellmyhousefastnow.com/,(800) 467-0003,26.0,5.0,0.0,26.0,5.0,,,2023.0,29.0,,"Fort Worth, Dallas, Plano, Arlington, Grand Prarie, Allen, Mckinney",0.2307692308,7.0,0.0
74,Ready House Buyer,45.05523320493703,43.078676476299606,54.166666672500014,35.46171711616872,http://readyhousebuyer.com/,(214) 225-3038,24.0,4.916666667,0.0,24.0,4.916666667,,,2023.0,29.0,,"Dallas, Fort Worth, Arling, Plano, Irving, Garland, Grand Prairie, Mesquite, Carrollton, Richardson, Rowlett, Desoto, Grapevine, Lucas, El Paso, Flower Mound, League City, Spring, Katy, Conroe, Waco, Frisco, Allen, Rockwall, Mckinney, Wylie, Denton, Deer Park, Forest Hill, Pflugerville, Balch Springs, Royse City, Cedar Hill, Greenville, Tyler ,Denison, Longview, Lancaster, Bedford, Little Elm, Terrell, Forney, Burleson, Baytown, San Antonio, Sherman, White Settlement, North Richland Hills, Euless, Duncanville, Coppell, Farmers Branch, Murphy, Lake Dallas, Princeton, Watauga, Celina, The Colony, New Braunfels, Round Rock, Fate, Fairview, Anna, Benbrook, Ennis, Corsicana, Glenn Heights, Haltom, Hurst, Crowley, Lewisville, Highland Village, Paris, Decatur, Austin",0.375,7.0,0.0
75,Dallas Houses for Cash,45.05172161289188,43.249335014455276,65.0,20.00795042843906,https://www.dallashousesforcash.com/,(214) 761-6858,3.0,5.0,0.0,3.0,5.0,,,2020.0,66.0,Local,"Dallas, Arlington, Addison, Duncanville, Irving, Mesquite, Garland, Farmers Branch, Carrollton, Richardson, Plano",1.0,13.0,0.0
76,Brilliant Day Homes,44.689387976096974,44.89781204549244,65.0,15.9210526316,https://www.brilliantdayhomes.com/,(713) 903-2582,7.0,5.0,0.0,7.0,5.0,Not Rated,False,2019.0,76.0,Local,"Alvin, Baytown, College Station, Conroe, Cypress, Dallas, Galveston, Houston, Humble, Katy, Kingwood, Magnolia, Missouri City, Pasadena, Pearland, Port Bolivar, San Antonio, Spring, Sugar Land, The Woodlands, Tomball",1.0,40.0,0.0
77,Cowtown Home Buyers,44.560502614868234,48.19676130264614,52.94117646450002,27.009545324939058,https://www.cowtownhomebuyer.com/,(682) 207-7895,17.0,4.764705882,0.0,17.0,4.764705882,,,2021.0,57.0,,"Alamo Heights, Arlington Heights, Benbrook, Burleson, Fort Worth, Granbury, Lake Worth, Ridglea Hills, River Oaks, Roanoke, Southlake, Tanglewood, West Fort Worth, Westworth Village, White Settlement",0.4705882353,6.0,1.0
78,Offerpad,44.457096385521254,57.48347015249122,32.181372554058825,40.80091172241668,https://www.offerpad.com/,(361) 356-7982,51.0,3.960784314,1.0,51.0,3.960784314,,,2019.0,75.0,,"Austin, Dallas-Fort Worth, Houston, San Antonio",0.2549019608,4.0,10.0
79,Ivy Home Solutions,44.40983779978208,34.45881569507434,62.4999999995,35.005246087709395,https://www.ivyhomesolutions.com/,(214) 307-2976,6.0,5.0,0.0,6.0,5.0,,,2024.0,18.0,Local,"Plano, Carrollton, Addison, Richardson, Dallas, Fort Worth",0.8333333333,9.0,0.0
80,Priority Home Buyers,44.03190556848601,42.92370734045917,54.999999997500005,30.449690532709397,https://priorityhomebuyers.com/sell-my-house-fast-dallas-texas/,(214) 295-5925,22.0,4.818181818,0.0,22.0,4.818181818,,,2023.0,30.0,,Dallas,0.5454545455,9.0,1.0
81,RGV Real Estate Solutions,43.56750313432652,46.186516090416895,60.0000000005,16.37158679193906,https://www.sellmyrgvhouse.com/,(956) 797-6594,12.0,5.0,0.0,12.0,5.0,,,2021.0,55.0,,"Brownsville, Edinburg, McAllen, Mission, Pharr, Weslaco",0.6666666667,16.0,0.0
82,Cash Home Buyers Dallas,43.47135965033359,48.03024426650292,50.0,27.037047774929665,https://cashhomebuyersdallas.com/,(214) 854-5638,6.0,5.0,0.0,6.0,5.0,,,2019.0,75.0,,Mesquite,0.0,9.0,0.0
83,Sell My House Fast For Cash Texas,43.364552311195666,40.04047657655754,65.0,18.3934467222906,https://www.sellmyhousefastforcashtexas.com/,(214) 441-7788,2.0,5.0,0.0,2.0,5.0,A-,False,2024.0,17.0,,Dallas,1.0,15.0,0.0
84,Cash Offer Faster,43.068253138005716,40.594493576235976,51.5277777705,35.182933951345305,https://cashofferfaster.com/,(845) 500-8749,18.0,4.944444444,0.0,18.0,4.944444444,,,2024.0,24.0,,"Austin, Beaumont, Corpus Christi, Dallas, Houston, Mcallen",0.1666666667,7.0,0.0
85,House Fast,43.01293793711981,57.05157561204953,50.0,10.7692307692,https://www.housefast.com/sell-my-house-fast-fort-worth-tx/,(214) 251-4466,14.0,5.0,0.0,14.0,5.0,A+,False,2022.0,39.0,,"Arlington, Austin, Corpus Christi, Dallas, El Paso, Fort Worth, Houston, Lubbock, Plano, San Antonio",0.0,32.0,0.0
86,Dallas' Best Home Buyers,42.57612433091012,43.5418733272753,60.5,15.9375,https://www.dallasbesthomebuyers.com/,(972) 850-8655,10.0,5.0,0.0,10.0,5.0,Not Rated,False,2020.0,64.0,Local,"Carrollton, Dallas, Fort Worth, Frisco, Garland, Grand Prairie, Irving, Lewisville, Mesquite, Plano, Richardson",0.7,39.0,0.0
87,Love Investors,42.06008631219508,51.593445857088284,48.05555555750001,18.41305409693906,https://www.loveinvestors.com/,(866) 366-7787,36.0,4.888888889,0.0,36.0,4.888888889,,,2021.0,57.0,,"Killeen, San Antonio, Austin, Longview, Fort Worth, Grand Prairie, Dallas, Houston, Mansfield, Tyler, Waco, Arlington",0.0,15.0,1.0
88,House Cash Offers,41.79748023787228,36.99966762645024,50.0,37.990452749168725,http://housecashoffers.net/,(832) 998-8310,11.0,5.0,0.0,11.0,5.0,,,2023.0,18.0,Local,"Abilene, Amarillo, Arlington, Austin, Beaumont, Brownsville, Carrolton, College Station, Corpus Christi, Dallas, Denton, El Paso, Fort Worth, Frisco, Galveston, Garland, Grand Prairie, Haltom City, Houston, Irving, Killeen, Laredo, League City, Lewisville, Lubbock, McAllen, McKinney, Mesquite, Midland, Missouri City, Pasadena, Plano, San Angelo, San Antonio, Sugar Land, Texas City, Waco",0.0,9.0,0.0
89,New Again Houses,41.71023632769121,42.59590331922803,63.125,10.3125,https://newagainhouses.com/virginia-beach-va,(757) 785-4116,8.0,5.0,0.0,8.0,5.0,Not Rated,False,2020.0,64.0,,"Austin, Dallas, Dallas-Fort Worth, Houston, San Antonio",0.875,57.0,0.0
90,We Buy Central Texas,41.68640407206643,52.98136428250541,39.620445348842104,26.506809947878118,https://www.webuycentraltexas.com/,(254) 277-6584,19.0,4.210526316,0.0,13.0,4.384615385,A,False,2024.0,25.0,Local,"Abilene, Allen, Amarillo, Arlington, Austin, Beaumont, Bedford, Belton, Brownsville, Carrolton, Cedar Hill, Cedar Park, College Station, Copperas Cove, Corpus Christi, Cypress, Dallas, Denton, Duncanville, Edinburg, El Paso, Euless, Fort Worth, Frisco, Garland, Georgetown, Grand Prairie, Grapevine, Houston, Humble, Hurst, Irving, Keller, Killeen, Lancaster, Laredo, League City, Lewisville, Lubbock, Mansfield, McAllen, Mesquite, Midland, North Richland Hills, Odessa, Pasadena, Pearland, Plano, Richardson, Round Rock, San Angelo, San Antonio, Schertz, Spring, Sugar Land, Temple, The Woodlands, Tyler, Universal City, Waco",0.2105263158,13.0,3.0
91,Progressive Real Estate Solutions,40.67513662834886,56.87357265122274,40.0000000075,15.70283026093906,https://sell-my-home.webuydfwrealestate.com/,(469) 269-5779,28.0,4.428571429,0.0,28.0,4.428571429,,,2011.0,174.0,,Plano,0.0,16.0,4.0
92,Value Land Buyers Of Texas,40.61680596013672,47.398695934716805,53.75,11.379310345,https://www.valuelandbuyers.com/sell-my-land-texas-cash-land-buyers/,(469) 472-5313,4.0,5.0,0.0,4.0,5.0,A,False,2023.0,29.0,,Frisco,0.25,18.0,0.0
93,The Aida Group,40.47996617174938,46.80257395025434,45.952380956499994,22.7024130274906,https://www.webuyhoustonhousesfast.com/,(713) 443-6850,7.0,4.428571429,0.0,6.0,4.333333333,Not Rated,False,2017.0,103.0,Statewide,Houston,0.4285714286,12.0,1.0
94,No Worries Home Sale,40.15207801009467,51.53671212169919,47.8846153819,11.111111111,https://noworrieshomesale.com/,(817) 668-5788,26.0,4.846153846,0.0,26.0,4.846153846,,,2020.0,63.0,,"Arlington, Bedford, Burleson, Carrollton, Cedar Hill, Cleburne, Dallas, Denton, DeSoto, Duncanville, Euless, Farmers Branch, Fort Worth, Frisco, Garland, Grand Prairie, Grapevine, Haltom City, Hurst, Irving, Keller, Lewisville, Mansfield, McKinney, Mesquite, North Richland Hills, Plano, Rockwall, Rowlett, Richardson, Waxahachie",0.03846153846,46.0,1.0
95,We Buy Houses Cash Dallas,38.75,55.0,30.0,25.0,https://www.webuyhousescashdallas.com/,(214) 723-1304,,,,,,A+,False,,,,Dallas,,,
96,Texas Cash House Buyer,38.75,55.0,30.0,25.0,https://www.texascashhousebuyer.com/,(817) 587-8108,,,,,,A+,False,,,,Fort Worth,,,
97,DFW Sell Fast,38.75,55.0,30.0,25.0,https://www.dfwsellfast.com/,(817) 601-7777,,,,,,A+,False,,,,Bedford,,,
98,1-800-CashOffer,38.75,55.0,30.0,25.0,https://cashoffer.com/,(800) 227-4633,,,,,,A+,False,,,,Grapevine,,,
99,Fortified Properties,38.65390067245711,33.249335014455276,65.0,10.4166666667,https://www.fortifiedcashoffers.com/,(979) 803-0131,3.0,5.0,0.0,3.0,5.0,,,2024.0,24.0,,"College Station, Bryan, Dallas, Fort Worth, Houston",1.0,23.0,0.0
100,Arlington Cash House Buyer,38.51188419687656,46.178904040566394,50.0,10.1612903226,https://www.webuyhousesarlingtontx.com/,(682) 305-7419,2.0,5.0,0.0,2.0,5.0,,,2015.0,124.0,,"Arlington, Dallas, Fort Worth",0.0,120.0,0.0
101,Houston Area Home Cash Buyers,38.40825901734102,42.51685966454006,50.0,15.6060606061,https://www.houstonareahomecashbuyers.com/,(281) 645-9597,7.0,5.0,0.0,7.0,5.0,Not Rated,False,2020.0,66.0,Local,"Alvin, Atascocita, Austin, Baytown, Beaumont, Bellaire, Brookshire, Bryan College Station, Buda, Channelview, Clear Lake, Cleveland, Conroe, Crosby, Cypress, Dallas, Dayton, Deer Park, Fort Worth, Freeport, Fresno, Friendswood, Galena Park, Galveston, Highlands, Hitchcock, Houston, Huffman, Humble, Katy, Kingwood, Kyle, La Porte, Lake Jackson, League City, Liberty, Livingston, Magnolia, Missouri City, Needville, Orange, Pasadena, Pearland, Plano, Port Arthur, Rosenberg, San Antonio, San Marcos, Santa Fe, Seabrook, Sealy, Spring, Spring Branch, Stafford, Sugar Land, Texas City, Tomball, Victoria, Woodlands",0.0,21.0,0.0
102,Houses 4 Texas,38.39005978471703,32.369380231042584,65.0,10.7692307692,https://houses4texas.com/we-buy-houses-san-marcos-tx/,(210) 610-0912,2.0,5.0,0.0,2.0,5.0,,,2023.0,26.0,,"San Marcos, Austin, Dallas, Forth Worth, Houston, Corpus Christi",1.0,20.0,0.0
103,Home Buyer Allies,38.09616980513019,33.58695728576885,50.0,28.645547563290602,https://www.homebuyerallies.com/,(214) 919-9966,4.0,5.0,0.0,4.0,5.0,,,2024.0,21.0,Local,Dallas,0.0,12.0,0.0
104,House Buyers Texas - Rowlett,37.55262696885878,31.106477871598134,50.0,30.440143280878118,https://housebuyerstexas.net/we-buy-houses-rowlett/?,(972) 960-3792,3.0,5.0,0.0,3.0,5.0,,,2024.0,15.0,,Rowlett,0.0,6.0,0.0
105,Dr Cash Home Buyers,37.3468908124232,29.981810364370496,65.0,10.4166666667,https://drcashhomebuyers.com/dallas-tx,(214) 377-3770,1.0,5.0,0.0,1.0,5.0,,,2024.0,24.0,,Dallas,1.0,23.0,0.0
106,Results House Buyer,37.22559094326486,65.83976807602673,0.0,43.55873485141667,https://www.resultshousebuyer.com/,(800) 448-5166,6.0,2.333333333,1.0,6.0,2.333333333,A+,True,2021.0,49.0,Local,"Dallas, Fort Worth, San Antonio, Houston",0.1666666667,4.0,4.0
107,Dr Cash Home Buyers,36.66402193369798,34.75033261199496,57.5,10.5555555556,https://drcashhomebuyers.com/fort-worth-tx,(817) 210-4299,2.0,5.0,0.0,2.0,5.0,,,2023.0,36.0,,Fort Worth,0.5,25.0,0.0
108,Goodbuy Homes,36.24811261693272,40.291334173894306,50.0,10.5263157895,,(972) 755-1866,1.0,5.0,0.0,1.0,5.0,A+,False,2024.0,19.0,,Richardson,0.0,18.0,0.0
109,Simple Solutions REI,35.66077699005809,38.494047738270226,50.0,11.052631579,http://www.simplesolutionsrei.com/,(469) 615-6541,5.0,5.0,0.0,5.0,5.0,,,2022.0,38.0,,Plano,0.0,19.0,0.0
110,Local Home Buying,34.900000000000006,48.5,30.0,20.0,,(888) 998-5099,,,,,,,,,,Nationwide,,,,
111,Win Win Home Buyers,34.7237794150565,45.20733585501625,40.0000000075,10.5633802817,,(469) 333-0089,7.0,4.428571429,0.0,7.0,4.428571429,,,2020.0,71.0,,Dallas,0.0,23.0,1.0
112,Bodebuilders,34.400000000000006,41.0,30.0,30.0,https://bodebuilders.com/,(832) 910-7743,,,,,,,,,,Local,"Abilene, Allen, Arlington, Austin, Bedford, Carrollton, Conroe, Coppell, Cypress, Dallas, Denton, Desoto, El Paso, Euless, Farmers Branch, Flower Mound, Fort Worth, Frisco, Galveston, Garland, Grand Prairie, Grapevine, Houston, Humble, Irving, Katy, Keller, Kingwood, Lake Dallas, Lancaster, League City, Lewisville, Little Elm, Mckinney, Mesquite, Midlothian, Missouri City, Pasadena, Pearland, Plano, Richardson, Rockwall, Round Rock, San Antonio, Spring, Sugar Land, The Woodlands, Waco, Weatherford",,,
113,Summercrest Capital LLC,33.3,44.5,30.0,20.0,,(838) 250-6539,,,,,,Not Rated,False,,,Nationwide,,,,
114,Cash Home Buyers Texas - San Antonio,33.150000000000006,41.0,30.0,25.0,https://cashhomebuyerstexas.com/sell-your-house-fast-in-san-antonio/?,(210) 851-9159,,,,,,,,,,,Fort Worth,,,
115,We Buy Ugly Houses and HomeVestors,33.150000000000006,41.0,30.0,25.0,https://www.webuyuglyhouses.com/?utm_source=google-business-profile&utm_medium=organic&utm_campaign=business-listing&utm_id=corporate-office&y_source=1_MTQ4MTMzMTYtNzE1LWxvY2F0aW9uLndlYnNpdGU%3D,(972) 761-0046,,,,,,,,,,,Dallas,,,
116,Dallas Fast House Buyer,33.150000000000006,41.0,30.0,25.0,https://dallasfasthousebuyer.com/%3Futm_source%3DGMB%26utm_medium%3DWebsite-Button,(469) 577-1525,,,,,,,,,,,Dallas,,,
117,Home Cash Buyers Dallas,33.150000000000006,41.0,30.0,25.0,https://homecashbuyersdallas.com/,(214) 706-4277,,,,,,,,,,,Dallas,,,
118,Mortgage Note Buyers Fort Worth TX,33.150000000000006,41.0,30.0,25.0,https://www.cashnoteusa.com/real-estate-mortgage-note-buyers-fort-worth-tx/,(682) 291-9303,,,,,,,,,,,Fort Worth,,,
119,Cash Home Buyers Texas,33.150000000000006,41.0,30.0,25.0,https://cashhomebuyerstexas.com/sell-your-house-fast-in-grand-prairie/?,(214) 463-2382,,,,,,,,,,,Grand Prairie,,,
120,Simple House Solutions,33.150000000000006,41.0,30.0,25.0,https://simplehousedfw.com/,(972) 876-3131,,,,,,,,,,,Dallas,,,
121,We Buy DFW Homes Fast Cash,33.150000000000006,41.0,30.0,25.0,https://www.webuydfwhomesfastcash.com/,(469) 759-0269,,,,,,,,,,,"Dallas, Fort Worth",,,
122,America Buys Houses,33.150000000000006,41.0,30.0,25.0,https://www.americabuyshouses.com/,(972) 523-0065,,,,,,,,,,,Garland,,,
123,"Metroplex Real Estate Agency- Realtor Irving, TX/ Lee Alvarez",33.150000000000006,41.0,30.0,25.0,https://www.dfwsells.com/,(214) 843-1244,,,,,,,,,,,Irving,,,
124,We Buy Ugly Houses and HomeVestors,33.150000000000006,41.0,30.0,25.0,https://www.webuyuglyhouses.com/dallas/?utm_source=google-business-profile&utm_medium=organic&utm_campaign=business-listing&utm_id=dallas-tx&y_source=1_NTg0MDE4Mi03MTUtbG9jYXRpb24ud2Vic2l0ZQ%3D%3D,(214) 761-8568,,,,,,,,,,,Dallas,,,
125,Fast Cash Investors,33.150000000000006,41.0,30.0,25.0,https://www.stoptheauctions.com/,(214) 214-7867,,,,,,,,,,,Carrollton,,,
126,New Again Houses,33.150000000000006,41.0,30.0,25.0,https://newagainhouses.com/locations/tx/ft-worth,(817) 812-3009,,,,,,,,,,,"Dallas, Fort Worth",,,
127,WeBuyTexasFast.com,33.150000000000006,41.0,30.0,25.0,https://www.webuytexasfast.com/,(682) 882-7653,,,,,,,,,,,"Arlington, Bedford, Euless, Fort Worth, Grapevine, Haltom City, Hurst, Keller, Mansfield, North Richland Hills",,,
128,We Buy Houses Fast in Dallas,33.150000000000006,41.0,30.0,25.0,https://www.webuyhousesfastindallas.com/,(972) 521-1817,,,,,,,,,,,"Abilene, Addison, Allen, Alvarado, Amarillo, Anna, Argyle, Arlington, Atascocita, Austin, Azle, Baytown, Beaumont, Bedford, Blue Mound, Bryan, Burleson, Carrollton, Cedar Hill, Cedar Park, Celina, Cleburne, College Station, Colleyville, Conroe, Coppell, Corinth, Corpus Christi, Corsicana, Crowley, Dallas, Denton, DeSoto, Duncanville, Edinburg, El Paso, Ennis, Euless, Everman, Fairview, Farmers Branch, Farmersville, Fate, Flower Mound, Forney, Fort Worth, Frisco, Gainesville, Galveston, Garland, Georgetown, Glenn Heights, Godley, Grand Prairie, Grapevine, Greenville, Haltom City, Harlingen, Haslet, Highland Village, Houston, Hurst, Irving, Joshua, Justin, Keene, Keller, Kennedale, Killeen, Lake Dallas, Lancaster, Laredo, League City, Leander, Lewisville, Little Elm, Longview, Lubbock, Mansfield, McKinney, Melissa, Mesquite, Midland, Midlothian, Murphy, Nevada, New Braunfels, North Richland Hills, Oak Point, Odessa, Ovilla, Pasadena, Pearland, Pflugerville, Plano, Ponder, Port Arthur, Princeton, Red Oak, Rendon, Richardson, River Oaks, Roanoke, Rockwall, Round Rock, Rowlett, Royse City, Sachse, San Angelo, San Antonio, San Marcos, Seagoville, Southlake, Spring, Sugar Land, Sunnyvale, Temple, Terrell, The Colony, The Woodlands, Tyler, Venus, Victoria, Watauga, Waxahachie, White Settlement, Wylie",,,
129,We Buy Midcities Homes,33.150000000000006,41.0,30.0,25.0,https://www.webuymidcitieshomes.com/,(817) 527-1350,,,,,,,,,,,"Arlington, Bedford, Euless, Fort Worth, Grapevine, Hurst, Irving, Keller, North Richland Hills",,,
130,Local Cash Buyers,33.150000000000006,41.0,30.0,25.0,https://localcashbuyers.com/,(972) 807-5229,,,,,,,,,,,"Allen, Bedford, Carrollton, Dallas, Fort Worth, Frisco, Garland, Irving, Lewisville, Mesquite, Plano, Richardson, Rockwall, The Colony",,,
131,Marss Home Solutions,33.150000000000006,41.0,30.0,25.0,http://www.marssbuyshomes.com/,(469) 333-7075,,,,,,,,,,,Frisco,,,
132,We Buy Ugly Houses and HomeVestors,33.150000000000006,41.0,30.0,25.0,https://www.webuyuglyhouses.com/lubbock/?utm_source=google-business-profile,(806) 464-4028,,,,,,,,,,,"Abilene, Amarillo, Austin, Beaumont, Brownsville, Bryan, College Station, Corpus Christi, Dallas, El Paso, Fort Worth, Harlingen, Houston, Longview, Mcallen, Midland, Odessa, San Angelo, San Antonio, Sherman, Te, Tyler, Victoria, Waco, Weslaco, Wichita Falls",,,
133,Mojo Buys Houses,33.150000000000006,41.0,30.0,25.0,https://www.dallasbuynflip.com/,(972) 503-9543,,,,,,,,,,,"Dallas, Fort Worth",,,
134,We Buy Houses Texas,33.150000000000006,41.0,30.0,25.0,https://net.webuyhouses.com/,(817) 438-0098,,,,,,,,,,,Fort Worth,,,
135,Real Estate Mortgage Note Buyers Dallas TX,33.150000000000006,41.0,30.0,25.0,https://www.cashnoteusa.com/real-estate-mortgage-note-buyers-dallas-tx/,(469) 802-7880,,,,,,,,,,,Dallas,,,
136,We Buy Dallas Houses,33.150000000000006,41.0,30.0,25.0,https://www.webuydallashouses.com/,(254) 272-3743,,,,,,,,,,,"Allen, Arlington, Bedford, Burleson, Carrollton, Cedar Hill, Coppell, Dallas, Denton, Desoto, Duncanville, Euless, Flower Mound, Fort Worth, Frisco, Garland, Grand Prairie, Grapevine, Haltom City, Hurst, Irving, Keller, Lancaster, Lewisville, Mansfield, Mckinney, Mesquite, North Richland Hills, Plano, Richardson, Rockwall, Rowlett, Wylie",,,
137,We Buy Houses County Wide,33.150000000000006,41.0,30.0,25.0,https://webuyhouses.com/,(877) 932-8946,,,,,,,,,,,Grapevine,,,
138,House Buyers Texas - Sell My House Fast Plano,33.150000000000006,41.0,30.0,25.0,https://housebuyerstexas.net/we-buy-houses-plano-sell-my-house-fast/?,(972) 848-5744,,,,,,,,,,,Plano,,,
139,We Buy Houses in DFW TX,33.150000000000006,41.0,30.0,25.0,https://www.webuyhousesindfwtx.com/,(817) 381-6290,,,,,,,,,,,"Dallas, Fort Worth",,,
140,Cash Home Offer USA,33.150000000000006,41.0,30.0,25.0,https://www.cashhomeofferusa.com/,(888) 724-9603,,,,,,,,,,,"Dallas, Fort Worth, Houston",,,
141,We Buy Ugly Houses and HomeVestors,33.150000000000006,41.0,30.0,25.0,https://www.webuyuglyhouses.com/ft-worth/?utm_source=google-business-profile&utm_medium=organic&utm_campaign=business-listing&utm_id=ft.-worth-tx&y_source=1_NTg0MDE5OC03MTUtbG9jYXRpb24ud2Vic2l0ZQ%3D%3D,(682) 201-2867,,,,,,,,,,,Fort Worth,,,
142,Shannon buys houses fast,33.11177176479225,32.600857983418116,50.0,10.2857142857,https://www.shannonbuyshousesfast.com/,(737) 285-2399,1.0,5.0,0.0,1.0,5.0,,,2023.0,35.0,,Arlington,0.0,34.0,0.0
143,Solid Offers,32.82473902782901,42.475858102640714,36.704545453636364,11.951219512,https://www.solidoffers.com/,(888) 522-6089,11.0,3.909090909,0.0,11.0,3.909090909,,,2022.0,41.0,Statewide,"Austin, Beaumont, Dallas, El Paso, Houston, San Antonio, Fort Worth",0.5454545455,22.0,2.0
144,Higher Home Buyer,32.555121518488676,31.172286554846686,50.0,10.3448275862,https://www.higherhomebuyer.com/,(214) 225-9225,1.0,5.0,0.0,1.0,5.0,,,2023.0,29.0,,Dallas,0.0,28.0,0.0
145,Cash Home Buyers Texas - Denton,32.440599198765106,27.838953221513353,50.0,15.220071640639059,https://cashhomebuyerstexas.com/sell-your-house-fast-in-denton/%3F,(940) 242-4911,1.0,5.0,0.0,1.0,5.0,,,2024.0,15.0,,Denton,0.0,14.0,0.0
146,JKV Homebuyers,32.241056464526736,50.80257395025434,23.03571429342857,15.4301075269,http://www.jkvhomebuyers.com/,(972) 855-8051,7.0,3.428571429,0.0,7.0,3.428571429,,,2018.0,93.0,Local,"Dallas, Fort Worth",0.7142857143,75.0,2.0
147,We Buy Houses Dallas .US,32.15,38.5,30.0,25.0,http://www.webuyhousesdallas.us/,,,,,,,,,,,,"Dallas, Frisco",,,
148,We Buy Fire Damaged Houses,31.732745672276355,44.13590728358768,21.96428571242857,25.563531037965134,https://webuyfiredamagedhouses.com/,(800) 267-2360,7.0,3.857142857,1.0,7.0,3.857142857,,,2021.0,56.0,,Fort Worth,0.1428571429,0.0,2.0
149,Joe Homebuyer Dallas,31.577976238168805,38.77976202398451,38.25,10.7142857143,https://www.joehomebuyerdallasarea.com/,(214) 833-7309,5.0,4.2,0.0,5.0,4.2,Not Rated,False,2020.0,56.0,,Dallas,0.4,42.0,1.0
150,Southern Hills Home Buyers,29.98035594834267,24.78967085014477,45.32467532799999,16.80340497393906,,(817) 857-6274,14.0,4.428571429,0.0,11.0,4.636363636,F,False,2022.0,40.0,,Fort Worth,0.2857142857,15.0,2.0
151,Simple House Buyers,25.91119774584676,43.666334293116904,16.363636355,10.8695652174,https://www.simplehousebuyers.com/https://realequity.com/,(866) 380-5248,11.0,3.545454545,0.0,11.0,3.545454545,,,2022.0,46.0,,"Austin, Dallas, Fort Worth, Houston, San Antonio",0.4545454545,28.0,4.0
